{"cameraMode":{"drawMode":0,"name":"Shaded","section":"Shading Mode"},"sceneLighting":false,"audioPlay":false,"sceneViewState":{"m_AlwaysRefresh":false,"showFog":true,"showSkybox":false,"showFlares":true,"showImageEffects":true,"showParticleSystems":true,"showVisualEffectGraphs":true,"m_FxEnabled":true},"in2DMode":false,"pivot":{"x":0.35705894231796267,"y":0.7785677909851074,"z":0.2301895022392273},"rotation":{"x":-0.12970435619354249,"y":-0.16839729249477387,"z":0.022358661517500879,"w":-0.9768920540809631},"size":4.820209503173828,"orthographic":false}