{"cameraMode":{"drawMode":0,"name":"Shaded","section":"Shading Mode"},"sceneLighting":false,"audioPlay":false,"sceneViewState":{"m_AlwaysRefresh":false,"showFog":true,"showSkybox":false,"showFlares":true,"showImageEffects":true,"showParticleSystems":true,"showVisualEffectGraphs":true,"m_FxEnabled":true},"in2DMode":false,"pivot":{"x":4.933404445648193,"y":0.45120882987976076,"z":2.059999942779541},"rotation":{"x":0.1877865195274353,"y":0.17458026111125947,"z":-0.033926237374544147,"w":0.9659942984580994},"size":8.454512596130371,"orthographic":false}