{"cameraMode":{"drawMode":0,"name":"Shaded","section":"Shading Mode"},"sceneLighting":true,"audioPlay":false,"sceneViewState":{"m_AlwaysRefresh":false,"showFog":true,"showSkybox":true,"showFlares":true,"showImageEffects":true,"showParticleSystems":true,"showVisualEffectGraphs":true,"m_FxEnabled":true},"in2DMode":false,"pivot":{"x":8.30168342590332,"y":7.864398002624512,"z":1.7114334106445313},"rotation":{"x":-0.13305138051509858,"y":-0.027948111295700074,"z":0.0037535729352384807,"w":-0.9907081127166748},"size":21.681915283203126,"orthographic":false}