{"cameraMode":{"drawMode":0,"name":"Shaded","section":"Shading Mode"},"sceneLighting":true,"audioPlay":false,"sceneViewState":{"m_AlwaysRefresh":false,"showFog":true,"showSkybox":true,"showFlares":true,"showImageEffects":true,"showParticleSystems":true,"showVisualEffectGraphs":true,"m_FxEnabled":true},"in2DMode":false,"pivot":{"x":-3.745197057723999,"y":-8.191913604736329,"z":60.179603576660159},"rotation":{"x":-0.1760600507259369,"y":-0.014472800306975842,"z":0.002585876267403364,"w":-0.9842780828475952},"size":55.30928421020508,"orthographic":false}